fold,candidate_index,mean_inner_neg_rmse,std_inner_neg_rmse,is_1se_selected,params
1,0,-63.96240944059018,5.679524865430491,False,"{'reg__alpha': 0.001, 'reg__model': 'pls', 'reg__n_components': 5}"
1,1,-64.91711000076782,6.612169778498526,False,"{'reg__alpha': 0.001, 'reg__model': 'pls', 'reg__n_components': 10}"
1,2,-64.9111364777113,6.670171457080947,False,"{'reg__alpha': 0.001, 'reg__model': 'pls', 'reg__n_components': 15}"
1,3,-64.91093567255851,6.669974719481814,False,"{'reg__alpha': 0.001, 'reg__model': 'pls', 'reg__n_components': 20}"
1,4,-64.91093561099777,6.669974828896915,False,"{'reg__alpha': 0.001, 'reg__model': 'pls', 'reg__n_components': 25}"
1,5,-64.91093561099777,6.669974828896915,False,"{'reg__alpha': 0.001, 'reg__model': 'pls', 'reg__n_components': 30}"
1,6,-64.91093561099777,6.669974828896915,False,"{'reg__alpha': 0.001, 'reg__model': 'pls', 'reg__n_components': 40}"
1,7,-64.91093561099777,6.669974828896915,False,"{'reg__alpha': 0.001, 'reg__model': 'pls', 'reg__n_components': 50}"
1,8,-64.91093561099777,6.669974828896915,False,"{'reg__alpha': 0.001, 'reg__model': 'pls', 'reg__n_components': 60}"
1,9,-75.28506177171448,10.10569175348462,False,"{'reg__alpha': 0.001, 'reg__model': 'pcr', 'reg__n_components': 5}"
1,10,-68.22059225936536,10.024678266972408,False,"{'reg__alpha': 0.001, 'reg__model': 'pcr', 'reg__n_components': 10}"
1,11,-58.96821079304385,8.70669322512303,False,"{'reg__alpha': 0.001, 'reg__model': 'pcr', 'reg__n_components': 15}"
1,12,-57.73675883162659,6.498995469676115,False,"{'reg__alpha': 0.001, 'reg__model': 'pcr', 'reg__n_components': 20}"
1,13,-56.26301470523336,9.586244595421022,False,"{'reg__alpha': 0.001, 'reg__model': 'pcr', 'reg__n_components': 25}"
1,14,-56.26301470523336,9.586244595421022,False,"{'reg__alpha': 0.001, 'reg__model': 'pcr', 'reg__n_components': 30}"
1,15,-56.26301470523336,9.586244595421022,False,"{'reg__alpha': 0.001, 'reg__model': 'pcr', 'reg__n_components': 40}"
1,16,-56.26301470523336,9.586244595421022,False,"{'reg__alpha': 0.001, 'reg__model': 'pcr', 'reg__n_components': 50}"
1,17,-56.26301470523336,9.586244595421022,False,"{'reg__alpha': 0.001, 'reg__model': 'pcr', 'reg__n_components': 60}"
1,18,-63.96240944059018,5.679524865430491,False,"{'reg__alpha': 0.002848035868435802, 'reg__model': 'pls', 'reg__n_components': 5}"
1,19,-64.91711000076782,6.612169778498526,False,"{'reg__alpha': 0.002848035868435802, 'reg__model': 'pls', 'reg__n_components': 10}"
1,20,-64.9111364777113,6.670171457080947,False,"{'reg__alpha': 0.002848035868435802, 'reg__model': 'pls', 'reg__n_components': 15}"
1,21,-64.91093567255851,6.669974719481814,False,"{'reg__alpha': 0.002848035868435802, 'reg__model': 'pls', 'reg__n_components': 20}"
1,22,-64.91093561099777,6.669974828896915,False,"{'reg__alpha': 0.002848035868435802, 'reg__model': 'pls', 'reg__n_components': 25}"
1,23,-64.91093561099777,6.669974828896915,False,"{'reg__alpha': 0.002848035868435802, 'reg__model': 'pls', 'reg__n_components': 30}"
1,24,-64.91093561099777,6.669974828896915,False,"{'reg__alpha': 0.002848035868435802, 'reg__model': 'pls', 'reg__n_components': 40}"
1,25,-64.91093561099777,6.669974828896915,False,"{'reg__alpha': 0.002848035868435802, 'reg__model': 'pls', 'reg__n_components': 50}"
1,26,-64.91093561099777,6.669974828896915,False,"{'reg__alpha': 0.002848035868435802, 'reg__model': 'pls', 'reg__n_components': 60}"
1,27,-75.28503909276253,10.105673854235782,False,"{'reg__alpha': 0.002848035868435802, 'reg__model': 'pcr', 'reg__n_components': 5}"
1,28,-68.2205141677273,10.024794129165304,False,"{'reg__alpha': 0.002848035868435802, 'reg__model': 'pcr', 'reg__n_components': 10}"
1,29,-58.96819124267047,8.70668612372906,False,"{'reg__alpha': 0.002848035868435802, 'reg__model': 'pcr', 'reg__n_components': 15}"
1,30,-57.736666178776964,6.499083192427726,False,"{'reg__alpha': 0.002848035868435802, 'reg__model': 'pcr', 'reg__n_components': 20}"
1,31,-56.262876985396666,9.585751735435501,False,"{'reg__alpha': 0.002848035868435802, 'reg__model': 'pcr', 'reg__n_components': 25}"
1,32,-56.262876985396666,9.585751735435501,False,"{'reg__alpha': 0.002848035868435802, 'reg__model': 'pcr', 'reg__n_components': 30}"
1,33,-56.262876985396666,9.585751735435501,False,"{'reg__alpha': 0.002848035868435802, 'reg__model': 'pcr', 'reg__n_components': 40}"
1,34,-56.262876985396666,9.585751735435501,False,"{'reg__alpha': 0.002848035868435802, 'reg__model': 'pcr', 'reg__n_components': 50}"
1,35,-56.262876985396666,9.585751735435501,False,"{'reg__alpha': 0.002848035868435802, 'reg__model': 'pcr', 'reg__n_components': 60}"
1,36,-63.96240944059018,5.679524865430491,False,"{'reg__alpha': 0.008111308307896872, 'reg__model': 'pls', 'reg__n_components': 5}"
1,37,-64.91711000076782,6.612169778498526,False,"{'reg__alpha': 0.008111308307896872, 'reg__model': 'pls', 'reg__n_components': 10}"
1,38,-64.9111364777113,6.670171457080947,False,"{'reg__alpha': 0.008111308307896872, 'reg__model': 'pls', 'reg__n_components': 15}"
1,39,-64.91093567255851,6.669974719481814,False,"{'reg__alpha': 0.008111308307896872, 'reg__model': 'pls', 'reg__n_components': 20}"
1,40,-64.91093561099777,6.669974828896915,False,"{'reg__alpha': 0.008111308307896872, 'reg__model': 'pls', 'reg__n_components': 25}"
1,41,-64.91093561099777,6.669974828896915,False,"{'reg__alpha': 0.008111308307896872, 'reg__model': 'pls', 'reg__n_components': 30}"
1,42,-64.91093561099777,6.669974828896915,False,"{'reg__alpha': 0.008111308307896872, 'reg__model': 'pls', 'reg__n_components': 40}"
1,43,-64.91093561099777,6.669974828896915,False,"{'reg__alpha': 0.008111308307896872, 'reg__model': 'pls', 'reg__n_components': 50}"
1,44,-64.91093561099777,6.669974828896915,False,"{'reg__alpha': 0.008111308307896872, 'reg__model': 'pls', 'reg__n_components': 60}"
1,45,-75.284974506589,10.105622878111674,False,"{'reg__alpha': 0.008111308307896872, 'reg__model': 'pcr', 'reg__n_components': 5}"
1,46,-68.22029181087102,10.02512406149015,False,"{'reg__alpha': 0.008111308307896872, 'reg__model': 'pcr', 'reg__n_components': 10}"
1,47,-58.96813568912832,8.706665961711277,False,"{'reg__alpha': 0.008111308307896872, 'reg__model': 'pcr', 'reg__n_components': 15}"
1,48,-57.73640255029132,6.4993330722283496,False,"{'reg__alpha': 0.008111308307896872, 'reg__model': 'pcr', 'reg__n_components': 20}"
1,49,-56.262485290702344,9.584348894534443,False,"{'reg__alpha': 0.008111308307896872, 'reg__model': 'pcr', 'reg__n_components': 25}"
1,50,-56.262485290702344,9.584348894534443,False,"{'reg__alpha': 0.008111308307896872, 'reg__model': 'pcr', 'reg__n_components': 30}"
1,51,-56.262485290702344,9.584348894534443,False,"{'reg__alpha': 0.008111308307896872, 'reg__model': 'pcr', 'reg__n_components': 40}"
1,52,-56.262485290702344,9.584348894534443,False,"{'reg__alpha': 0.008111308307896872, 'reg__model': 'pcr', 'reg__n_components': 50}"
1,53,-56.262485290702344,9.584348894534443,False,"{'reg__alpha': 0.008111308307896872, 'reg__model': 'pcr', 'reg__n_components': 60}"
1,54,-63.96240944059018,5.679524865430491,False,"{'reg__alpha': 0.02310129700083159, 'reg__model': 'pls', 'reg__n_components': 5}"
1,55,-64.91711000076782,6.612169778498526,False,"{'reg__alpha': 0.02310129700083159, 'reg__model': 'pls', 'reg__n_components': 10}"
1,56,-64.9111364777113,6.670171457080947,False,"{'reg__alpha': 0.02310129700083159, 'reg__model': 'pls', 'reg__n_components': 15}"
1,57,-64.91093567255851,6.669974719481814,False,"{'reg__alpha': 0.02310129700083159, 'reg__model': 'pls', 'reg__n_components': 20}"
1,58,-64.91093561099777,6.669974828896915,False,"{'reg__alpha': 0.02310129700083159, 'reg__model': 'pls', 'reg__n_components': 25}"
1,59,-64.91093561099777,6.669974828896915,False,"{'reg__alpha': 0.02310129700083159, 'reg__model': 'pls', 'reg__n_components': 30}"
1,60,-64.91093561099777,6.669974828896915,False,"{'reg__alpha': 0.02310129700083159, 'reg__model': 'pls', 'reg__n_components': 40}"
1,61,-64.91093561099777,6.669974828896915,False,"{'reg__alpha': 0.02310129700083159, 'reg__model': 'pls', 'reg__n_components': 50}"
1,62,-64.91093561099777,6.669974828896915,False,"{'reg__alpha': 0.02310129700083159, 'reg__model': 'pls', 'reg__n_components': 60}"
1,63,-75.28479059768225,10.10547770908471,False,"{'reg__alpha': 0.02310129700083159, 'reg__model': 'pcr', 'reg__n_components': 5}"
1,64,-68.21965894353038,10.026063336577746,False,"{'reg__alpha': 0.02310129700083159, 'reg__model': 'pcr', 'reg__n_components': 10}"
1,65,-58.96797849702756,8.706609050169138,False,"{'reg__alpha': 0.02310129700083159, 'reg__model': 'pcr', 'reg__n_components': 15}"
1,66,-57.735653754271,6.500045081081353,False,"{'reg__alpha': 0.02310129700083159, 'reg__model': 'pcr', 'reg__n_components': 20}"
1,67,-56.26137407394634,9.580360373986085,False,"{'reg__alpha': 0.02310129700083159, 'reg__model': 'pcr', 'reg__n_components': 25}"
1,68,-56.26137407394634,9.580360373986085,False,"{'reg__alpha': 0.02310129700083159, 'reg__model': 'pcr', 'reg__n_components': 30}"
1,69,-56.26137407394634,9.580360373986085,False,"{'reg__alpha': 0.02310129700083159, 'reg__model': 'pcr', 'reg__n_components': 40}"
1,70,-56.26137407394634,9.580360373986085,False,"{'reg__alpha': 0.02310129700083159, 'reg__model': 'pcr', 'reg__n_components': 50}"
1,71,-56.26137407394634,9.580360373986085,False,"{'reg__alpha': 0.02310129700083159, 'reg__model': 'pcr', 'reg__n_components': 60}"
1,72,-63.96240944059018,5.679524865430491,False,"{'reg__alpha': 0.0657933224657568, 'reg__model': 'pls', 'reg__n_components': 5}"
1,73,-64.91711000076782,6.612169778498526,False,"{'reg__alpha': 0.0657933224657568, 'reg__model': 'pls', 'reg__n_components': 10}"
1,74,-64.9111364777113,6.670171457080947,False,"{'reg__alpha': 0.0657933224657568, 'reg__model': 'pls', 'reg__n_components': 15}"
1,75,-64.91093567255851,6.669974719481814,False,"{'reg__alpha': 0.0657933224657568, 'reg__model': 'pls', 'reg__n_components': 20}"
1,76,-64.91093561099777,6.669974828896915,False,"{'reg__alpha': 0.0657933224657568, 'reg__model': 'pls', 'reg__n_components': 25}"
1,77,-64.91093561099777,6.669974828896915,False,"{'reg__alpha': 0.0657933224657568, 'reg__model': 'pls', 'reg__n_components': 30}"
1,78,-64.91093561099777,6.669974828896915,False,"{'reg__alpha': 0.0657933224657568, 'reg__model': 'pls', 'reg__n_components': 40}"
1,79,-64.91093561099777,6.669974828896915,False,"{'reg__alpha': 0.0657933224657568, 'reg__model': 'pls', 'reg__n_components': 50}"
1,80,-64.91093561099777,6.669974828896915,False,"{'reg__alpha': 0.0657933224657568, 'reg__model': 'pls', 'reg__n_components': 60}"
1,81,-75.2842671009069,10.105064366305903,False,"{'reg__alpha': 0.0657933224657568, 'reg__model': 'pcr', 'reg__n_components': 5}"
1,82,-68.21785986091788,10.028735313549696,False,"{'reg__alpha': 0.0657933224657568, 'reg__model': 'pcr', 'reg__n_components': 10}"
1,83,-58.96753911755023,8.70645109511101,False,"{'reg__alpha': 0.0657933224657568, 'reg__model': 'pcr', 'reg__n_components': 15}"
1,84,-57.73353756152186,6.502075671078558,False,"{'reg__alpha': 0.0657933224657568, 'reg__model': 'pcr', 'reg__n_components': 20}"
1,85,-56.25824436981876,9.569056037218168,False,"{'reg__alpha': 0.0657933224657568, 'reg__model': 'pcr', 'reg__n_components': 25}"
1,86,-56.25824436981876,9.569056037218168,False,"{'reg__alpha': 0.0657933224657568, 'reg__model': 'pcr', 'reg__n_components': 30}"
1,87,-56.25824436981876,9.569056037218168,False,"{'reg__alpha': 0.0657933224657568, 'reg__model': 'pcr', 'reg__n_components': 40}"
1,88,-56.25824436981876,9.569056037218168,False,"{'reg__alpha': 0.0657933224657568, 'reg__model': 'pcr', 'reg__n_components': 50}"
1,89,-56.25824436981876,9.569056037218168,False,"{'reg__alpha': 0.0657933224657568, 'reg__model': 'pcr', 'reg__n_components': 60}"
1,90,-63.96240944059018,5.679524865430491,False,"{'reg__alpha': 0.1873817422860383, 'reg__model': 'pls', 'reg__n_components': 5}"
1,91,-64.91711000076782,6.612169778498526,False,"{'reg__alpha': 0.1873817422860383, 'reg__model': 'pls', 'reg__n_components': 10}"
1,92,-64.9111364777113,6.670171457080947,False,"{'reg__alpha': 0.1873817422860383, 'reg__model': 'pls', 'reg__n_components': 15}"
1,93,-64.91093567255851,6.669974719481814,False,"{'reg__alpha': 0.1873817422860383, 'reg__model': 'pls', 'reg__n_components': 20}"
1,94,-64.91093561099777,6.669974828896915,False,"{'reg__alpha': 0.1873817422860383, 'reg__model': 'pls', 'reg__n_components': 25}"
1,95,-64.91093561099777,6.669974828896915,False,"{'reg__alpha': 0.1873817422860383, 'reg__model': 'pls', 'reg__n_components': 30}"
1,96,-64.91093561099777,6.669974828896915,False,"{'reg__alpha': 0.1873817422860383, 'reg__model': 'pls', 'reg__n_components': 40}"
1,97,-64.91093561099777,6.669974828896915,False,"{'reg__alpha': 0.1873817422860383, 'reg__model': 'pls', 'reg__n_components': 50}"
1,98,-64.91093561099777,6.669974828896915,False,"{'reg__alpha': 0.1873817422860383, 'reg__model': 'pls', 'reg__n_components': 60}"
1,99,-75.28277845047549,10.103887992608726,False,"{'reg__alpha': 0.1873817422860383, 'reg__model': 'pcr', 'reg__n_components': 5}"
1,100,-68.21276307374188,10.036320016848094,False,"{'reg__alpha': 0.1873817422860383, 'reg__model': 'pcr', 'reg__n_components': 10}"
1,101,-58.966354779605425,8.706034497135281,False,"{'reg__alpha': 0.1873817422860383, 'reg__model': 'pcr', 'reg__n_components': 15}"
1,102,-57.72764273156509,6.507880988817412,False,"{'reg__alpha': 0.1873817422860383, 'reg__model': 'pcr', 'reg__n_components': 20}"
1,103,-56.2496119286711,9.537303079271705,False,"{'reg__alpha': 0.1873817422860383, 'reg__model': 'pcr', 'reg__n_components': 25}"
1,104,-56.2496119286711,9.537303079271705,False,"{'reg__alpha': 0.1873817422860383, 'reg__model': 'pcr', 'reg__n_components': 30}"
1,105,-56.2496119286711,9.537303079271705,False,"{'reg__alpha': 0.1873817422860383, 'reg__model': 'pcr', 'reg__n_components': 40}"
1,106,-56.2496119286711,9.537303079271705,False,"{'reg__alpha': 0.1873817422860383, 'reg__model': 'pcr', 'reg__n_components': 50}"
1,107,-56.2496119286711,9.537303079271705,False,"{'reg__alpha': 0.1873817422860383, 'reg__model': 'pcr', 'reg__n_components': 60}"
1,108,-63.96240944059018,5.679524865430491,False,"{'reg__alpha': 0.5336699231206307, 'reg__model': 'pls', 'reg__n_components': 5}"
1,109,-64.91711000076782,6.612169778498526,False,"{'reg__alpha': 0.5336699231206307, 'reg__model': 'pls', 'reg__n_components': 10}"
1,110,-64.9111364777113,6.670171457080947,False,"{'reg__alpha': 0.5336699231206307, 'reg__model': 'pls', 'reg__n_components': 15}"
1,111,-64.91093567255851,6.669974719481814,False,"{'reg__alpha': 0.5336699231206307, 'reg__model': 'pls', 'reg__n_components': 20}"
1,112,-64.91093561099777,6.669974828896915,False,"{'reg__alpha': 0.5336699231206307, 'reg__model': 'pls', 'reg__n_components': 25}"
1,113,-64.91093561099777,6.669974828896915,False,"{'reg__alpha': 0.5336699231206307, 'reg__model': 'pls', 'reg__n_components': 30}"
1,114,-64.91093561099777,6.669974828896915,False,"{'reg__alpha': 0.5336699231206307, 'reg__model': 'pls', 'reg__n_components': 40}"
1,115,-64.91093561099777,6.669974828896915,False,"{'reg__alpha': 0.5336699231206307, 'reg__model': 'pls', 'reg__n_components': 50}"
1,116,-64.91093561099777,6.669974828896915,False,"{'reg__alpha': 0.5336699231206307, 'reg__model': 'pls', 'reg__n_components': 60}"
1,117,-75.27855719495543,10.100544445884047,False,"{'reg__alpha': 0.5336699231206307, 'reg__model': 'pcr', 'reg__n_components': 5}"
1,118,-68.19846498071382,10.057718653266257,False,"{'reg__alpha': 0.5336699231206307, 'reg__model': 'pcr', 'reg__n_components': 10}"
1,119,-58.96351704332019,8.705112254929425,False,"{'reg__alpha': 0.5336699231206307, 'reg__model': 'pcr', 'reg__n_components': 15}"
1,120,-57.711905512655264,6.524587650721006,False,"{'reg__alpha': 0.5336699231206307, 'reg__model': 'pcr', 'reg__n_components': 20}"
1,121,-56.227228490608205,9.450347772342717,False,"{'reg__alpha': 0.5336699231206307, 'reg__model': 'pcr', 'reg__n_components': 25}"
1,122,-56.227228490608205,9.450347772342717,False,"{'reg__alpha': 0.5336699231206307, 'reg__model': 'pcr', 'reg__n_components': 30}"
1,123,-56.227228490608205,9.450347772342717,False,"{'reg__alpha': 0.5336699231206307, 'reg__model': 'pcr', 'reg__n_components': 40}"
1,124,-56.227228490608205,9.450347772342717,False,"{'reg__alpha': 0.5336699231206307, 'reg__model': 'pcr', 'reg__n_components': 50}"
1,125,-56.227228490608205,9.450347772342717,False,"{'reg__alpha': 0.5336699231206307, 'reg__model': 'pcr', 'reg__n_components': 60}"
1,126,-63.96240944059018,5.679524865430491,False,"{'reg__alpha': 1.5199110829529332, 'reg__model': 'pls', 'reg__n_components': 5}"
1,127,-64.91711000076782,6.612169778498526,False,"{'reg__alpha': 1.5199110829529332, 'reg__model': 'pls', 'reg__n_components': 10}"
1,128,-64.9111364777113,6.670171457080947,False,"{'reg__alpha': 1.5199110829529332, 'reg__model': 'pls', 'reg__n_components': 15}"
1,129,-64.91093567255851,6.669974719481814,False,"{'reg__alpha': 1.5199110829529332, 'reg__model': 'pls', 'reg__n_components': 20}"
1,130,-64.91093561099777,6.669974828896915,False,"{'reg__alpha': 1.5199110829529332, 'reg__model': 'pls', 'reg__n_components': 25}"
1,131,-64.91093561099777,6.669974828896915,False,"{'reg__alpha': 1.5199110829529332, 'reg__model': 'pls', 'reg__n_components': 30}"
1,132,-64.91093561099777,6.669974828896915,False,"{'reg__alpha': 1.5199110829529332, 'reg__model': 'pls', 'reg__n_components': 40}"
1,133,-64.91093561099777,6.669974828896915,False,"{'reg__alpha': 1.5199110829529332, 'reg__model': 'pls', 'reg__n_components': 50}"
1,134,-64.91093561099777,6.669974828896915,False,"{'reg__alpha': 1.5199110829529332, 'reg__model': 'pls', 'reg__n_components': 60}"
1,135,-75.26668298698749,10.091076739752928,False,"{'reg__alpha': 1.5199110829529332, 'reg__model': 'pcr', 'reg__n_components': 5}"
1,136,-68.15946910885805,10.11704890188091,False,"{'reg__alpha': 1.5199110829529332, 'reg__model': 'pcr', 'reg__n_components': 10}"
1,137,-58.959589670424954,8.704505583101643,False,"{'reg__alpha': 1.5199110829529332, 'reg__model': 'pcr', 'reg__n_components': 15}"
1,138,-57.67516150761338,6.573427843462465,False,"{'reg__alpha': 1.5199110829529332, 'reg__model': 'pcr', 'reg__n_components': 20}"
1,139,-56.17970761089,9.228596768374565,False,"{'reg__alpha': 1.5199110829529332, 'reg__model': 'pcr', 'reg__n_components': 25}"
1,140,-56.17970761089,9.228596768374565,False,"{'reg__alpha': 1.5199110829529332, 'reg__model': 'pcr', 'reg__n_components': 30}"
1,141,-56.17970761089,9.228596768374565,False,"{'reg__alpha': 1.5199110829529332, 'reg__model': 'pcr', 'reg__n_components': 40}"
1,142,-56.17970761089,9.228596768374565,False,"{'reg__alpha': 1.5199110829529332, 'reg__model': 'pcr', 'reg__n_components': 50}"
1,143,-56.17970761089,9.228596768374565,False,"{'reg__alpha': 1.5199110829529332, 'reg__model': 'pcr', 'reg__n_components': 60}"
1,144,-63.96240944059018,5.679524865430491,False,"{'reg__alpha': 4.328761281083057, 'reg__model': 'pls', 'reg__n_components': 5}"
1,145,-64.91711000076782,6.612169778498526,False,"{'reg__alpha': 4.328761281083057, 'reg__model': 'pls', 'reg__n_components': 10}"
1,146,-64.9111364777113,6.670171457080947,False,"{'reg__alpha': 4.328761281083057, 'reg__model': 'pls', 'reg__n_components': 15}"
1,147,-64.91093567255851,6.669974719481814,False,"{'reg__alpha': 4.328761281083057, 'reg__model': 'pls', 'reg__n_components': 20}"
1,148,-64.91093561099777,6.669974828896915,False,"{'reg__alpha': 4.328761281083057, 'reg__model': 'pls', 'reg__n_components': 25}"
1,149,-64.91093561099777,6.669974828896915,False,"{'reg__alpha': 4.328761281083057, 'reg__model': 'pls', 'reg__n_components': 30}"
1,150,-64.91093561099777,6.669974828896915,False,"{'reg__alpha': 4.328761281083057, 'reg__model': 'pls', 'reg__n_components': 40}"
1,151,-64.91093561099777,6.669974828896915,False,"{'reg__alpha': 4.328761281083057, 'reg__model': 'pls', 'reg__n_components': 50}"
1,152,-64.91093561099777,6.669974828896915,False,"{'reg__alpha': 4.328761281083057, 'reg__model': 'pls', 'reg__n_components': 60}"
1,153,-75.23402630359314,10.06454845422983,False,"{'reg__alpha': 4.328761281083057, 'reg__model': 'pcr', 'reg__n_components': 5}"
1,154,-68.06151821186569,10.27363172895651,False,"{'reg__alpha': 4.328761281083057, 'reg__model': 'pcr', 'reg__n_components': 10}"
1,155,-58.97818238990182,8.71661931323574,False,"{'reg__alpha': 4.328761281083057, 'reg__model': 'pcr', 'reg__n_components': 15}"
1,156,-57.62684313363043,6.719881145788538,False,"{'reg__alpha': 4.328761281083057, 'reg__model': 'pcr', 'reg__n_components': 20}"
1,157,-56.14653997746474,8.76407677138533,False,"{'reg__alpha': 4.328761281083057, 'reg__model': 'pcr', 'reg__n_components': 25}"
1,158,-56.14653997746474,8.76407677138533,False,"{'reg__alpha': 4.328761281083057, 'reg__model': 'pcr', 'reg__n_components': 30}"
1,159,-56.14653997746474,8.76407677138533,False,"{'reg__alpha': 4.328761281083057, 'reg__model': 'pcr', 'reg__n_components': 40}"
1,160,-56.14653997746474,8.76407677138533,False,"{'reg__alpha': 4.328761281083057, 'reg__model': 'pcr', 'reg__n_components': 50}"
1,161,-56.14653997746474,8.76407677138533,False,"{'reg__alpha': 4.328761281083057, 'reg__model': 'pcr', 'reg__n_components': 60}"
1,162,-63.96240944059018,5.679524865430491,False,"{'reg__alpha': 12.32846739442066, 'reg__model': 'pls', 'reg__n_components': 5}"
1,163,-64.91711000076782,6.612169778498526,False,"{'reg__alpha': 12.32846739442066, 'reg__model': 'pls', 'reg__n_components': 10}"
1,164,-64.9111364777113,6.670171457080947,False,"{'reg__alpha': 12.32846739442066, 'reg__model': 'pls', 'reg__n_components': 15}"
1,165,-64.91093567255851,6.669974719481814,False,"{'reg__alpha': 12.32846739442066, 'reg__model': 'pls', 'reg__n_components': 20}"
1,166,-64.91093561099777,6.669974828896915,False,"{'reg__alpha': 12.32846739442066, 'reg__model': 'pls', 'reg__n_components': 25}"
1,167,-64.91093561099777,6.669974828896915,False,"{'reg__alpha': 12.32846739442066, 'reg__model': 'pls', 'reg__n_components': 30}"
1,168,-64.91093561099777,6.669974828896915,False,"{'reg__alpha': 12.32846739442066, 'reg__model': 'pls', 'reg__n_components': 40}"
1,169,-64.91093561099777,6.669974828896915,False,"{'reg__alpha': 12.32846739442066, 'reg__model': 'pls', 'reg__n_components': 50}"
1,170,-64.91093561099777,6.669974828896915,False,"{'reg__alpha': 12.32846739442066, 'reg__model': 'pls', 'reg__n_components': 60}"
1,171,-75.14960287235006,9.992342986570932,False,"{'reg__alpha': 12.32846739442066, 'reg__model': 'pcr', 'reg__n_components': 5}"
1,172,-67.87130647376517,10.633216191871348,False,"{'reg__alpha': 12.32846739442066, 'reg__model': 'pcr', 'reg__n_components': 10}"
1,173,-59.20317936973752,8.820363507377529,False,"{'reg__alpha': 12.32846739442066, 'reg__model': 'pcr', 'reg__n_components': 15}"
1,174,-57.7949801965332,7.152521549180118,False,"{'reg__alpha': 12.32846739442066, 'reg__model': 'pcr', 'reg__n_components': 20}"
1,175,-56.499562873600524,8.207271557574192,False,"{'reg__alpha': 12.32846739442066, 'reg__model': 'pcr', 'reg__n_components': 25}"
1,176,-56.499562873600524,8.207271557574192,False,"{'reg__alpha': 12.32846739442066, 'reg__model': 'pcr', 'reg__n_components': 30}"
1,177,-56.499562873600524,8.207271557574192,False,"{'reg__alpha': 12.32846739442066, 'reg__model': 'pcr', 'reg__n_components': 40}"
1,178,-56.499562873600524,8.207271557574192,False,"{'reg__alpha': 12.32846739442066, 'reg__model': 'pcr', 'reg__n_components': 50}"
1,179,-56.499562873600524,8.207271557574192,False,"{'reg__alpha': 12.32846739442066, 'reg__model': 'pcr', 'reg__n_components': 60}"
1,180,-63.96240944059018,5.679524865430491,False,"{'reg__alpha': 35.11191734215127, 'reg__model': 'pls', 'reg__n_components': 5}"
1,181,-64.91711000076782,6.612169778498526,False,"{'reg__alpha': 35.11191734215127, 'reg__model': 'pls', 'reg__n_components': 10}"
1,182,-64.9111364777113,6.670171457080947,False,"{'reg__alpha': 35.11191734215127, 'reg__model': 'pls', 'reg__n_components': 15}"
1,183,-64.91093567255851,6.669974719481814,False,"{'reg__alpha': 35.11191734215127, 'reg__model': 'pls', 'reg__n_components': 20}"
1,184,-64.91093561099777,6.669974828896915,False,"{'reg__alpha': 35.11191734215127, 'reg__model': 'pls', 'reg__n_components': 25}"
1,185,-64.91093561099777,6.669974828896915,False,"{'reg__alpha': 35.11191734215127, 'reg__model': 'pls', 'reg__n_components': 30}"
1,186,-64.91093561099777,6.669974828896915,False,"{'reg__alpha': 35.11191734215127, 'reg__model': 'pls', 'reg__n_components': 40}"
1,187,-64.91093561099777,6.669974828896915,False,"{'reg__alpha': 35.11191734215127, 'reg__model': 'pls', 'reg__n_components': 50}"
1,188,-64.91093561099777,6.669974828896915,False,"{'reg__alpha': 35.11191734215127, 'reg__model': 'pls', 'reg__n_components': 60}"
1,189,-74.96353834341306,9.810146668006745,False,"{'reg__alpha': 35.11191734215127, 'reg__model': 'pcr', 'reg__n_components': 5}"
1,190,-67.77541496236454,11.187922234809193,False,"{'reg__alpha': 35.11191734215127, 'reg__model': 'pcr', 'reg__n_components': 10}"
1,191,-60.404302386631024,9.226521093257368,True,"{'reg__alpha': 35.11191734215127, 'reg__model': 'pcr', 'reg__n_components': 15}"
1,192,-59.16726168855594,8.15628550966981,False,"{'reg__alpha': 35.11191734215127, 'reg__model': 'pcr', 'reg__n_components': 20}"
1,193,-58.374989316233325,8.343094252791278,False,"{'reg__alpha': 35.11191734215127, 'reg__model': 'pcr', 'reg__n_components': 25}"
1,194,-58.374989316233325,8.343094252791278,False,"{'reg__alpha': 35.11191734215127, 'reg__model': 'pcr', 'reg__n_components': 30}"
1,195,-58.374989316233325,8.343094252791278,False,"{'reg__alpha': 35.11191734215127, 'reg__model': 'pcr', 'reg__n_components': 40}"
1,196,-58.374989316233325,8.343094252791278,False,"{'reg__alpha': 35.11191734215127, 'reg__model': 'pcr', 'reg__n_components': 50}"
1,197,-58.374989316233325,8.343094252791278,False,"{'reg__alpha': 35.11191734215127, 'reg__model': 'pcr', 'reg__n_components': 60}"
1,198,-63.96240944059018,5.679524865430491,False,"{'reg__alpha': 100.0, 'reg__model': 'pls', 'reg__n_components': 5}"
1,199,-64.91711000076782,6.612169778498526,False,"{'reg__alpha': 100.0, 'reg__model': 'pls', 'reg__n_components': 10}"
1,200,-64.9111364777113,6.670171457080947,False,"{'reg__alpha': 100.0, 'reg__model': 'pls', 'reg__n_components': 15}"
1,201,-64.91093567255851,6.669974719481814,False,"{'reg__alpha': 100.0, 'reg__model': 'pls', 'reg__n_components': 20}"
1,202,-64.91093561099777,6.669974828896915,False,"{'reg__alpha': 100.0, 'reg__model': 'pls', 'reg__n_components': 25}"
1,203,-64.91093561099777,6.669974828896915,False,"{'reg__alpha': 100.0, 'reg__model': 'pls', 'reg__n_components': 30}"
1,204,-64.91093561099777,6.669974828896915,False,"{'reg__alpha': 100.0, 'reg__model': 'pls', 'reg__n_components': 40}"
1,205,-64.91093561099777,6.669974828896915,False,"{'reg__alpha': 100.0, 'reg__model': 'pls', 'reg__n_components': 50}"
1,206,-64.91093561099777,6.669974828896915,False,"{'reg__alpha': 100.0, 'reg__model': 'pls', 'reg__n_components': 60}"
1,207,-74.67645897255659,9.424233776621833,False,"{'reg__alpha': 100.0, 'reg__model': 'pcr', 'reg__n_components': 5}"
1,208,-68.58627672878767,11.31621710108909,False,"{'reg__alpha': 100.0, 'reg__model': 'pcr', 'reg__n_components': 10}"
1,209,-63.720573814059264,9.736340549993557,False,"{'reg__alpha': 100.0, 'reg__model': 'pcr', 'reg__n_components': 15}"
1,210,-62.97049296778822,9.273515840362354,False,"{'reg__alpha': 100.0, 'reg__model': 'pcr', 'reg__n_components': 20}"
1,211,-62.68545847969702,9.158387063745185,False,"{'reg__alpha': 100.0, 'reg__model': 'pcr', 'reg__n_components': 25}"
1,212,-62.68545847969702,9.158387063745185,False,"{'reg__alpha': 100.0, 'reg__model': 'pcr', 'reg__n_components': 30}"
1,213,-62.68545847969702,9.158387063745185,False,"{'reg__alpha': 100.0, 'reg__model': 'pcr', 'reg__n_components': 40}"
1,214,-62.68545847969702,9.158387063745185,False,"{'reg__alpha': 100.0, 'reg__model': 'pcr', 'reg__n_components': 50}"
1,215,-62.68545847969702,9.158387063745185,False,"{'reg__alpha': 100.0, 'reg__model': 'pcr', 'reg__n_components': 60}"
2,0,-65.1857860123881,7.802375333029094,False,"{'reg__alpha': 0.001, 'reg__model': 'pls', 'reg__n_components': 5}"
2,1,-65.76121004708445,7.599543883813684,False,"{'reg__alpha': 0.001, 'reg__model': 'pls', 'reg__n_components': 10}"
2,2,-65.77170439255244,7.595081717662591,False,"{'reg__alpha': 0.001, 'reg__model': 'pls', 'reg__n_components': 15}"
2,3,-65.77160375781777,7.59496624529211,False,"{'reg__alpha': 0.001, 'reg__model': 'pls', 'reg__n_components': 20}"
2,4,-65.77160429061686,7.5949656764100695,False,"{'reg__alpha': 0.001, 'reg__model': 'pls', 'reg__n_components': 25}"
2,5,-65.77160429061686,7.5949656764100695,False,"{'reg__alpha': 0.001, 'reg__model': 'pls', 'reg__n_components': 30}"
2,6,-65.77160429061686,7.5949656764100695,False,"{'reg__alpha': 0.001, 'reg__model': 'pls', 'reg__n_components': 40}"
2,7,-65.77160429061686,7.5949656764100695,False,"{'reg__alpha': 0.001, 'reg__model': 'pls', 'reg__n_components': 50}"
2,8,-65.77160429061686,7.5949656764100695,False,"{'reg__alpha': 0.001, 'reg__model': 'pls', 'reg__n_components': 60}"
2,9,-72.33554575664365,6.653892016566651,False,"{'reg__alpha': 0.001, 'reg__model': 'pcr', 'reg__n_components': 5}"
2,10,-70.18648968818876,6.028867807900539,False,"{'reg__alpha': 0.001, 'reg__model': 'pcr', 'reg__n_components': 10}"
2,11,-68.46339498796758,3.3846441529885496,False,"{'reg__alpha': 0.001, 'reg__model': 'pcr', 'reg__n_components': 15}"
2,12,-65.02106313575402,7.981386830775854,False,"{'reg__alpha': 0.001, 'reg__model': 'pcr', 'reg__n_components': 20}"
2,13,-63.10869727042834,3.5772575260570427,False,"{'reg__alpha': 0.001, 'reg__model': 'pcr', 'reg__n_components': 25}"
2,14,-63.10869727042834,3.5772575260570427,False,"{'reg__alpha': 0.001, 'reg__model': 'pcr', 'reg__n_components': 30}"
2,15,-63.10869727042834,3.5772575260570427,False,"{'reg__alpha': 0.001, 'reg__model': 'pcr', 'reg__n_components': 40}"
2,16,-63.10869727042834,3.5772575260570427,False,"{'reg__alpha': 0.001, 'reg__model': 'pcr', 'reg__n_components': 50}"
2,17,-63.10869727042834,3.5772575260570427,False,"{'reg__alpha': 0.001, 'reg__model': 'pcr', 'reg__n_components': 60}"
2,18,-65.1857860123881,7.802375333029094,False,"{'reg__alpha': 0.002848035868435802, 'reg__model': 'pls', 'reg__n_components': 5}"
2,19,-65.76121004708445,7.599543883813684,False,"{'reg__alpha': 0.002848035868435802, 'reg__model': 'pls', 'reg__n_components': 10}"
2,20,-65.77170439255244,7.595081717662591,False,"{'reg__alpha': 0.002848035868435802, 'reg__model': 'pls', 'reg__n_components': 15}"
2,21,-65.77160375781777,7.59496624529211,False,"{'reg__alpha': 0.002848035868435802, 'reg__model': 'pls', 'reg__n_components': 20}"
2,22,-65.77160429061686,7.5949656764100695,False,"{'reg__alpha': 0.002848035868435802, 'reg__model': 'pls', 'reg__n_components': 25}"
2,23,-65.77160429061686,7.5949656764100695,False,"{'reg__alpha': 0.002848035868435802, 'reg__model': 'pls', 'reg__n_components': 30}"
2,24,-65.77160429061686,7.5949656764100695,False,"{'reg__alpha': 0.002848035868435802, 'reg__model': 'pls', 'reg__n_components': 40}"
2,25,-65.77160429061686,7.5949656764100695,False,"{'reg__alpha': 0.002848035868435802, 'reg__model': 'pls', 'reg__n_components': 50}"
2,26,-65.77160429061686,7.5949656764100695,False,"{'reg__alpha': 0.002848035868435802, 'reg__model': 'pls', 'reg__n_components': 60}"
2,27,-72.33543394849765,6.6538996564530635,False,"{'reg__alpha': 0.002848035868435802, 'reg__model': 'pcr', 'reg__n_components': 5}"
2,28,-70.18634931014132,6.028882703083866,False,"{'reg__alpha': 0.002848035868435802, 'reg__model': 'pcr', 'reg__n_components': 10}"
2,29,-68.46326376151262,3.3847515136734074,False,"{'reg__alpha': 0.002848035868435802, 'reg__model': 'pcr', 'reg__n_components': 15}"
2,30,-65.02101946180346,7.981263160011132,False,"{'reg__alpha': 0.002848035868435802, 'reg__model': 'pcr', 'reg__n_components': 20}"
2,31,-63.10858412159277,3.577548915484467,False,"{'reg__alpha': 0.002848035868435802, 'reg__model': 'pcr', 'reg__n_components': 25}"
2,32,-63.10858412159277,3.577548915484467,False,"{'reg__alpha': 0.002848035868435802, 'reg__model': 'pcr', 'reg__n_components': 30}"
2,33,-63.10858412159277,3.577548915484467,False,"{'reg__alpha': 0.002848035868435802, 'reg__model': 'pcr', 'reg__n_components': 40}"
2,34,-63.10858412159277,3.577548915484467,False,"{'reg__alpha': 0.002848035868435802, 'reg__model': 'pcr', 'reg__n_components': 50}"
2,35,-63.10858412159277,3.577548915484467,False,"{'reg__alpha': 0.002848035868435802, 'reg__model': 'pcr', 'reg__n_components': 60}"
2,36,-65.1857860123881,7.802375333029094,False,"{'reg__alpha': 0.008111308307896872, 'reg__model': 'pls', 'reg__n_components': 5}"
2,37,-65.76121004708445,7.599543883813684,False,"{'reg__alpha': 0.008111308307896872, 'reg__model': 'pls', 'reg__n_components': 10}"
2,38,-65.77170439255244,7.595081717662591,False,"{'reg__alpha': 0.008111308307896872, 'reg__model': 'pls', 'reg__n_components': 15}"
2,39,-65.77160375781777,7.59496624529211,False,"{'reg__alpha': 0.008111308307896872, 'reg__model': 'pls', 'reg__n_components': 20}"
2,40,-65.77160429061686,7.5949656764100695,False,"{'reg__alpha': 0.008111308307896872, 'reg__model': 'pls', 'reg__n_components': 25}"
2,41,-65.77160429061686,7.5949656764100695,False,"{'reg__alpha': 0.008111308307896872, 'reg__model': 'pls', 'reg__n_components': 30}"
2,42,-65.77160429061686,7.5949656764100695,False,"{'reg__alpha': 0.008111308307896872, 'reg__model': 'pls', 'reg__n_components': 40}"
2,43,-65.77160429061686,7.5949656764100695,False,"{'reg__alpha': 0.008111308307896872, 'reg__model': 'pls', 'reg__n_components': 50}"
2,44,-65.77160429061686,7.5949656764100695,False,"{'reg__alpha': 0.008111308307896872, 'reg__model': 'pls', 'reg__n_components': 60}"
2,45,-72.33511553809805,6.653921404932525,False,"{'reg__alpha': 0.008111308307896872, 'reg__model': 'pcr', 'reg__n_components': 5}"
2,46,-70.1859495496335,6.028925118113705,False,"{'reg__alpha': 0.008111308307896872, 'reg__model': 'pcr', 'reg__n_components': 10}"
2,47,-68.46289007996424,3.385057245873199,False,"{'reg__alpha': 0.008111308307896872, 'reg__model': 'pcr', 'reg__n_components': 15}"
2,48,-65.02089515227158,7.980911036165779,False,"{'reg__alpha': 0.008111308307896872, 'reg__model': 'pcr', 'reg__n_components': 20}"
2,49,-63.10826239839024,3.578378448902928,False,"{'reg__alpha': 0.008111308307896872, 'reg__model': 'pcr', 'reg__n_components': 25}"
2,50,-63.10826239839024,3.578378448902928,False,"{'reg__alpha': 0.008111308307896872, 'reg__model': 'pcr', 'reg__n_components': 30}"
2,51,-63.10826239839024,3.578378448902928,False,"{'reg__alpha': 0.008111308307896872, 'reg__model': 'pcr', 'reg__n_components': 40}"
2,52,-63.10826239839024,3.578378448902928,False,"{'reg__alpha': 0.008111308307896872, 'reg__model': 'pcr', 'reg__n_components': 50}"
2,53,-63.10826239839024,3.578378448902928,False,"{'reg__alpha': 0.008111308307896872, 'reg__model': 'pcr', 'reg__n_components': 60}"
2,54,-65.1857860123881,7.802375333029094,False,"{'reg__alpha': 0.02310129700083159, 'reg__model': 'pls', 'reg__n_components': 5}"
2,55,-65.76121004708445,7.599543883813684,False,"{'reg__alpha': 0.02310129700083159, 'reg__model': 'pls', 'reg__n_components': 10}"
2,56,-65.77170439255244,7.595081717662591,False,"{'reg__alpha': 0.02310129700083159, 'reg__model': 'pls', 'reg__n_components': 15}"
2,57,-65.77160375781777,7.59496624529211,False,"{'reg__alpha': 0.02310129700083159, 'reg__model': 'pls', 'reg__n_components': 20}"
2,58,-65.77160429061686,7.5949656764100695,False,"{'reg__alpha': 0.02310129700083159, 'reg__model': 'pls', 'reg__n_components': 25}"
2,59,-65.77160429061686,7.5949656764100695,False,"{'reg__alpha': 0.02310129700083159, 'reg__model': 'pls', 'reg__n_components': 30}"
2,60,-65.77160429061686,7.5949656764100695,False,"{'reg__alpha': 0.02310129700083159, 'reg__model': 'pls', 'reg__n_components': 40}"
2,61,-65.77160429061686,7.5949656764100695,False,"{'reg__alpha': 0.02310129700083159, 'reg__model': 'pls', 'reg__n_components': 50}"
2,62,-65.77160429061686,7.5949656764100695,False,"{'reg__alpha': 0.02310129700083159, 'reg__model': 'pls', 'reg__n_components': 60}"
2,63,-72.33420888208775,6.653983262740667,False,"{'reg__alpha': 0.02310129700083159, 'reg__model': 'pcr', 'reg__n_components': 5}"
2,64,-70.18481135151467,6.029045860971458,False,"{'reg__alpha': 0.02310129700083159, 'reg__model': 'pcr', 'reg__n_components': 10}"
2,65,-68.46182627637108,3.385927699273303,False,"{'reg__alpha': 0.02310129700083159, 'reg__model': 'pcr', 'reg__n_components': 15}"
2,66,-65.02054172548898,7.9799089442038,False,"{'reg__alpha': 0.02310129700083159, 'reg__model': 'pcr', 'reg__n_components': 20}"
2,67,-63.10735039721732,3.580738121364721,False,"{'reg__alpha': 0.02310129700083159, 'reg__model': 'pcr', 'reg__n_components': 25}"
2,68,-63.10735039721732,3.580738121364721,False,"{'reg__alpha': 0.02310129700083159, 'reg__model': 'pcr', 'reg__n_components': 30}"
2,69,-63.10735039721732,3.580738121364721,False,"{'reg__alpha': 0.02310129700083159, 'reg__model': 'pcr', 'reg__n_components': 40}"
2,70,-63.10735039721732,3.580738121364721,False,"{'reg__alpha': 0.02310129700083159, 'reg__model': 'pcr', 'reg__n_components': 50}"
2,71,-63.10735039721732,3.580738121364721,False,"{'reg__alpha': 0.02310129700083159, 'reg__model': 'pcr', 'reg__n_components': 60}"
2,72,-65.1857860123881,7.802375333029094,False,"{'reg__alpha': 0.0657933224657568, 'reg__model': 'pls', 'reg__n_components': 5}"
2,73,-65.76121004708445,7.599543883813684,False,"{'reg__alpha': 0.0657933224657568, 'reg__model': 'pls', 'reg__n_components': 10}"
2,74,-65.77170439255244,7.595081717662591,False,"{'reg__alpha': 0.0657933224657568, 'reg__model': 'pls', 'reg__n_components': 15}"
2,75,-65.77160375781777,7.59496624529211,False,"{'reg__alpha': 0.0657933224657568, 'reg__model': 'pls', 'reg__n_components': 20}"
2,76,-65.77160429061686,7.5949656764100695,False,"{'reg__alpha': 0.0657933224657568, 'reg__model': 'pls', 'reg__n_components': 25}"
2,77,-65.77160429061686,7.5949656764100695,False,"{'reg__alpha': 0.0657933224657568, 'reg__model': 'pls', 'reg__n_components': 30}"
2,78,-65.77160429061686,7.5949656764100695,False,"{'reg__alpha': 0.0657933224657568, 'reg__model': 'pls', 'reg__n_components': 40}"
2,79,-65.77160429061686,7.5949656764100695,False,"{'reg__alpha': 0.0657933224657568, 'reg__model': 'pls', 'reg__n_components': 50}"
2,80,-65.77160429061686,7.5949656764100695,False,"{'reg__alpha': 0.0657933224657568, 'reg__model': 'pls', 'reg__n_components': 60}"
2,81,-72.33162821911563,6.65415876616369,False,"{'reg__alpha': 0.0657933224657568, 'reg__model': 'pcr', 'reg__n_components': 5}"
2,82,-70.18157243068941,6.029389281334836,False,"{'reg__alpha': 0.0657933224657568, 'reg__model': 'pcr', 'reg__n_components': 10}"
2,83,-68.45880021043294,3.3884044887999565,False,"{'reg__alpha': 0.0657933224657568, 'reg__model': 'pcr', 'reg__n_components': 15}"
2,84,-65.01954009407007,7.9770611768688795,False,"{'reg__alpha': 0.0657933224657568, 'reg__model': 'pcr', 'reg__n_components': 20}"
2,85,-63.1047874396081,3.5874353765475213,False,"{'reg__alpha': 0.0657933224657568, 'reg__model': 'pcr', 'reg__n_components': 25}"
2,86,-63.1047874396081,3.5874353765475213,False,"{'reg__alpha': 0.0657933224657568, 'reg__model': 'pcr', 'reg__n_components': 30}"
2,87,-63.1047874396081,3.5874353765475213,False,"{'reg__alpha': 0.0657933224657568, 'reg__model': 'pcr', 'reg__n_components': 40}"
2,88,-63.1047874396081,3.5874353765475213,False,"{'reg__alpha': 0.0657933224657568, 'reg__model': 'pcr', 'reg__n_components': 50}"
2,89,-63.1047874396081,3.5874353765475213,False,"{'reg__alpha': 0.0657933224657568, 'reg__model': 'pcr', 'reg__n_components': 60}"
2,90,-65.1857860123881,7.802375333029094,False,"{'reg__alpha': 0.1873817422860383, 'reg__model': 'pls', 'reg__n_components': 5}"
2,91,-65.76121004708445,7.599543883813684,False,"{'reg__alpha': 0.1873817422860383, 'reg__model': 'pls', 'reg__n_components': 10}"
2,92,-65.77170439255244,7.595081717662591,False,"{'reg__alpha': 0.1873817422860383, 'reg__model': 'pls', 'reg__n_components': 15}"
2,93,-65.77160375781777,7.59496624529211,False,"{'reg__alpha': 0.1873817422860383, 'reg__model': 'pls', 'reg__n_components': 20}"
2,94,-65.77160429061686,7.5949656764100695,False,"{'reg__alpha': 0.1873817422860383, 'reg__model': 'pls', 'reg__n_components': 25}"
2,95,-65.77160429061686,7.5949656764100695,False,"{'reg__alpha': 0.1873817422860383, 'reg__model': 'pls', 'reg__n_components': 30}"
2,96,-65.77160429061686,7.5949656764100695,False,"{'reg__alpha': 0.1873817422860383, 'reg__model': 'pls', 'reg__n_components': 40}"
2,97,-65.77160429061686,7.5949656764100695,False,"{'reg__alpha': 0.1873817422860383, 'reg__model': 'pls', 'reg__n_components': 50}"
2,98,-65.77160429061686,7.5949656764100695,False,"{'reg__alpha': 0.1873817422860383, 'reg__model': 'pls', 'reg__n_components': 60}"
2,99,-72.32429075406912,6.654653184446083,False,"{'reg__alpha': 0.1873817422860383, 'reg__model': 'pcr', 'reg__n_components': 5}"
2,100,-70.17236978652467,6.030363627399282,False,"{'reg__alpha': 0.1873817422860383, 'reg__model': 'pcr', 'reg__n_components': 10}"
2,101,-68.4502116478894,3.3954399092004977,False,"{'reg__alpha': 0.1873817422860383, 'reg__model': 'pcr', 'reg__n_components': 15}"
2,102,-65.01672709652905,7.969000813408744,False,"{'reg__alpha': 0.1873817422860383, 'reg__model': 'pcr', 'reg__n_components': 20}"
2,103,-63.09776193169497,3.6063234715249948,False,"{'reg__alpha': 0.1873817422860383, 'reg__model': 'pcr', 'reg__n_components': 25}"
2,104,-63.09776193169497,3.6063234715249948,False,"{'reg__alpha': 0.1873817422860383, 'reg__model': 'pcr', 'reg__n_components': 30}"
2,105,-63.09776193169497,3.6063234715249948,False,"{'reg__alpha': 0.1873817422860383, 'reg__model': 'pcr', 'reg__n_components': 40}"
2,106,-63.09776193169497,3.6063234715249948,False,"{'reg__alpha': 0.1873817422860383, 'reg__model': 'pcr', 'reg__n_components': 50}"
2,107,-63.09776193169497,3.6063234715249948,False,"{'reg__alpha': 0.1873817422860383, 'reg__model': 'pcr', 'reg__n_components': 60}"
2,108,-65.1857860123881,7.802375333029094,False,"{'reg__alpha': 0.5336699231206307, 'reg__model': 'pls', 'reg__n_components': 5}"
2,109,-65.76121004708445,7.599543883813684,False,"{'reg__alpha': 0.5336699231206307, 'reg__model': 'pls', 'reg__n_components': 10}"
2,110,-65.77170439255244,7.595081717662591,False,"{'reg__alpha': 0.5336699231206307, 'reg__model': 'pls', 'reg__n_components': 15}"
2,111,-65.77160375781777,7.59496624529211,False,"{'reg__alpha': 0.5336699231206307, 'reg__model': 'pls', 'reg__n_components': 20}"
2,112,-65.77160429061686,7.5949656764100695,False,"{'reg__alpha': 0.5336699231206307, 'reg__model': 'pls', 'reg__n_components': 25}"
2,113,-65.77160429061686,7.5949656764100695,False,"{'reg__alpha': 0.5336699231206307, 'reg__model': 'pls', 'reg__n_components': 30}"
2,114,-65.77160429061686,7.5949656764100695,False,"{'reg__alpha': 0.5336699231206307, 'reg__model': 'pls', 'reg__n_components': 40}"
2,115,-65.77160429061686,7.5949656764100695,False,"{'reg__alpha': 0.5336699231206307, 'reg__model': 'pls', 'reg__n_components': 50}"
2,116,-65.77160429061686,7.5949656764100695,False,"{'reg__alpha': 0.5336699231206307, 'reg__model': 'pls', 'reg__n_components': 60}"
2,117,-72.30349312578974,6.656017591366869,False,"{'reg__alpha': 0.5336699231206307, 'reg__model': 'pcr', 'reg__n_components': 5}"
2,118,-70.14633699170687,6.033108383454447,False,"{'reg__alpha': 0.5336699231206307, 'reg__model': 'pcr', 'reg__n_components': 10}"
2,119,-68.42599023408292,3.4153272363544076,False,"{'reg__alpha': 0.5336699231206307, 'reg__model': 'pcr', 'reg__n_components': 15}"
2,120,-65.00902866112713,7.946444251254398,False,"{'reg__alpha': 0.5336699231206307, 'reg__model': 'pcr', 'reg__n_components': 20}"
2,121,-63.0798520477538,3.6586555133221452,False,"{'reg__alpha': 0.5336699231206307, 'reg__model': 'pcr', 'reg__n_components': 25}"
2,122,-63.0798520477538,3.6586555133221452,False,"{'reg__alpha': 0.5336699231206307, 'reg__model': 'pcr', 'reg__n_components': 30}"
2,123,-63.0798520477538,3.6586555133221452,False,"{'reg__alpha': 0.5336699231206307, 'reg__model': 'pcr', 'reg__n_components': 40}"
2,124,-63.0798520477538,3.6586555133221452,False,"{'reg__alpha': 0.5336699231206307, 'reg__model': 'pcr', 'reg__n_components': 50}"
2,125,-63.0798520477538,3.6586555133221452,False,"{'reg__alpha': 0.5336699231206307, 'reg__model': 'pcr', 'reg__n_components': 60}"
2,126,-65.1857860123881,7.802375333029094,False,"{'reg__alpha': 1.5199110829529332, 'reg__model': 'pls', 'reg__n_components': 5}"
2,127,-65.76121004708445,7.599543883813684,False,"{'reg__alpha': 1.5199110829529332, 'reg__model': 'pls', 'reg__n_components': 10}"
2,128,-65.77170439255244,7.595081717662591,False,"{'reg__alpha': 1.5199110829529332, 'reg__model': 'pls', 'reg__n_components': 15}"
2,129,-65.77160375781777,7.59496624529211,False,"{'reg__alpha': 1.5199110829529332, 'reg__model': 'pls', 'reg__n_components': 20}"
2,130,-65.77160429061686,7.5949656764100695,False,"{'reg__alpha': 1.5199110829529332, 'reg__model': 'pls', 'reg__n_components': 25}"
2,131,-65.77160429061686,7.5949656764100695,False,"{'reg__alpha': 1.5199110829529332, 'reg__model': 'pls', 'reg__n_components': 30}"
2,132,-65.77160429061686,7.5949656764100695,False,"{'reg__alpha': 1.5199110829529332, 'reg__model': 'pls', 'reg__n_components': 40}"
2,133,-65.77160429061686,7.5949656764100695,False,"{'reg__alpha': 1.5199110829529332, 'reg__model': 'pls', 'reg__n_components': 50}"
2,134,-65.77160429061686,7.5949656764100695,False,"{'reg__alpha': 1.5199110829529332, 'reg__model': 'pls', 'reg__n_components': 60}"
2,135,-72.24505865745903,6.659554894802447,False,"{'reg__alpha': 1.5199110829529332, 'reg__model': 'pcr', 'reg__n_components': 5}"
2,136,-70.07360217727917,6.040680950775453,False,"{'reg__alpha': 1.5199110829529332, 'reg__model': 'pcr', 'reg__n_components': 10}"
2,137,-68.3588915154917,3.4707699079688794,False,"{'reg__alpha': 1.5199110829529332, 'reg__model': 'pcr', 'reg__n_components': 15}"
2,138,-64.98945298833092,7.885281389294725,False,"{'reg__alpha': 1.5199110829529332, 'reg__model': 'pcr', 'reg__n_components': 20}"
2,139,-63.0434072318169,3.7968168147042114,False,"{'reg__alpha': 1.5199110829529332, 'reg__model': 'pcr', 'reg__n_components': 25}"
2,140,-63.0434072318169,3.7968168147042114,False,"{'reg__alpha': 1.5199110829529332, 'reg__model': 'pcr', 'reg__n_components': 30}"
2,141,-63.0434072318169,3.7968168147042114,False,"{'reg__alpha': 1.5199110829529332, 'reg__model': 'pcr', 'reg__n_components': 40}"
2,142,-63.0434072318169,3.7968168147042114,False,"{'reg__alpha': 1.5199110829529332, 'reg__model': 'pcr', 'reg__n_components': 50}"
2,143,-63.0434072318169,3.7968168147042114,False,"{'reg__alpha': 1.5199110829529332, 'reg__model': 'pcr', 'reg__n_components': 60}"
2,144,-65.1857860123881,7.802375333029094,False,"{'reg__alpha': 4.328761281083057, 'reg__model': 'pls', 'reg__n_components': 5}"
2,145,-65.76121004708445,7.599543883813684,False,"{'reg__alpha': 4.328761281083057, 'reg__model': 'pls', 'reg__n_components': 10}"
2,146,-65.77170439255244,7.595081717662591,False,"{'reg__alpha': 4.328761281083057, 'reg__model': 'pls', 'reg__n_components': 15}"
2,147,-65.77160375781777,7.59496624529211,False,"{'reg__alpha': 4.328761281083057, 'reg__model': 'pls', 'reg__n_components': 20}"
2,148,-65.77160429061686,7.5949656764100695,False,"{'reg__alpha': 4.328761281083057, 'reg__model': 'pls', 'reg__n_components': 25}"
2,149,-65.77160429061686,7.5949656764100695,False,"{'reg__alpha': 4.328761281083057, 'reg__model': 'pls', 'reg__n_components': 30}"
2,150,-65.77160429061686,7.5949656764100695,False,"{'reg__alpha': 4.328761281083057, 'reg__model': 'pls', 'reg__n_components': 40}"
2,151,-65.77160429061686,7.5949656764100695,False,"{'reg__alpha': 4.328761281083057, 'reg__model': 'pls', 'reg__n_components': 50}"
2,152,-65.77160429061686,7.5949656764100695,False,"{'reg__alpha': 4.328761281083057, 'reg__model': 'pls', 'reg__n_components': 60}"
2,153,-72.08486127292107,6.6669351034054,False,"{'reg__alpha': 4.328761281083057, 'reg__model': 'pcr', 'reg__n_components': 5}"
2,154,-69.87730727588267,6.060280337230136,False,"{'reg__alpha': 4.328761281083057, 'reg__model': 'pcr', 'reg__n_components': 10}"
2,155,-68.18191674097622,3.619365395487769,False,"{'reg__alpha': 4.328761281083057, 'reg__model': 'pcr', 'reg__n_components': 15}"
2,156,-64.94913696879505,7.732768794568781,False,"{'reg__alpha': 4.328761281083057, 'reg__model': 'pcr', 'reg__n_components': 20}"
2,157,-63.01804304265189,4.119829463757817,False,"{'reg__alpha': 4.328761281083057, 'reg__model': 'pcr', 'reg__n_components': 25}"
2,158,-63.01804304265189,4.119829463757817,False,"{'reg__alpha': 4.328761281083057, 'reg__model': 'pcr', 'reg__n_components': 30}"
2,159,-63.01804304265189,4.119829463757817,False,"{'reg__alpha': 4.328761281083057, 'reg__model': 'pcr', 'reg__n_components': 40}"
2,160,-63.01804304265189,4.119829463757817,False,"{'reg__alpha': 4.328761281083057, 'reg__model': 'pcr', 'reg__n_components': 50}"
2,161,-63.01804304265189,4.119829463757817,False,"{'reg__alpha': 4.328761281083057, 'reg__model': 'pcr', 'reg__n_components': 60}"
2,162,-65.1857860123881,7.802375333029094,False,"{'reg__alpha': 12.32846739442066, 'reg__model': 'pls', 'reg__n_components': 5}"
2,163,-65.76121004708445,7.599543883813684,False,"{'reg__alpha': 12.32846739442066, 'reg__model': 'pls', 'reg__n_components': 10}"
2,164,-65.77170439255244,7.595081717662591,False,"{'reg__alpha': 12.32846739442066, 'reg__model': 'pls', 'reg__n_components': 15}"
2,165,-65.77160375781777,7.59496624529211,False,"{'reg__alpha': 12.32846739442066, 'reg__model': 'pls', 'reg__n_components': 20}"
2,166,-65.77160429061686,7.5949656764100695,False,"{'reg__alpha': 12.32846739442066, 'reg__model': 'pls', 'reg__n_components': 25}"
2,167,-65.77160429061686,7.5949656764100695,False,"{'reg__alpha': 12.32846739442066, 'reg__model': 'pls', 'reg__n_components': 30}"
2,168,-65.77160429061686,7.5949656764100695,False,"{'reg__alpha': 12.32846739442066, 'reg__model': 'pls', 'reg__n_components': 40}"
2,169,-65.77160429061686,7.5949656764100695,False,"{'reg__alpha': 12.32846739442066, 'reg__model': 'pls', 'reg__n_components': 50}"
2,170,-65.77160429061686,7.5949656764100695,False,"{'reg__alpha': 12.32846739442066, 'reg__model': 'pls', 'reg__n_components': 60}"
2,171,-71.67398931187688,6.668858139263173,False,"{'reg__alpha': 12.32846739442066, 'reg__model': 'pcr', 'reg__n_components': 5}"
2,172,-69.39498447756412,6.1007598543162445,False,"{'reg__alpha': 12.32846739442066, 'reg__model': 'pcr', 'reg__n_components': 10}"
2,173,-67.77099332167234,3.975623988911881,False,"{'reg__alpha': 12.32846739442066, 'reg__model': 'pcr', 'reg__n_components': 15}"
2,174,-64.90776599238656,7.420057817656357,False,"{'reg__alpha': 12.32846739442066, 'reg__model': 'pcr', 'reg__n_components': 20}"
2,175,-63.180862125205934,4.701639425110411,False,"{'reg__alpha': 12.32846739442066, 'reg__model': 'pcr', 'reg__n_components': 25}"
2,176,-63.180862125205934,4.701639425110411,False,"{'reg__alpha': 12.32846739442066, 'reg__model': 'pcr', 'reg__n_components': 30}"
2,177,-63.180862125205934,4.701639425110411,False,"{'reg__alpha': 12.32846739442066, 'reg__model': 'pcr', 'reg__n_components': 40}"
2,178,-63.180862125205934,4.701639425110411,False,"{'reg__alpha': 12.32846739442066, 'reg__model': 'pcr', 'reg__n_components': 50}"
2,179,-63.180862125205934,4.701639425110411,False,"{'reg__alpha': 12.32846739442066, 'reg__model': 'pcr', 'reg__n_components': 60}"
2,180,-65.1857860123881,7.802375333029094,False,"{'reg__alpha': 35.11191734215127, 'reg__model': 'pls', 'reg__n_components': 5}"
2,181,-65.76121004708445,7.599543883813684,False,"{'reg__alpha': 35.11191734215127, 'reg__model': 'pls', 'reg__n_components': 10}"
2,182,-65.77170439255244,7.595081717662591,False,"{'reg__alpha': 35.11191734215127, 'reg__model': 'pls', 'reg__n_components': 15}"
2,183,-65.77160375781777,7.59496624529211,False,"{'reg__alpha': 35.11191734215127, 'reg__model': 'pls', 'reg__n_components': 20}"
2,184,-65.77160429061686,7.5949656764100695,False,"{'reg__alpha': 35.11191734215127, 'reg__model': 'pls', 'reg__n_components': 25}"
2,185,-65.77160429061686,7.5949656764100695,False,"{'reg__alpha': 35.11191734215127, 'reg__model': 'pls', 'reg__n_components': 30}"
2,186,-65.77160429061686,7.5949656764100695,False,"{'reg__alpha': 35.11191734215127, 'reg__model': 'pls', 'reg__n_components': 40}"
2,187,-65.77160429061686,7.5949656764100695,False,"{'reg__alpha': 35.11191734215127, 'reg__model': 'pls', 'reg__n_components': 50}"
2,188,-65.77160429061686,7.5949656764100695,False,"{'reg__alpha': 35.11191734215127, 'reg__model': 'pls', 'reg__n_components': 60}"
2,189,-70.78176762671987,6.566965397552266,False,"{'reg__alpha': 35.11191734215127, 'reg__model': 'pcr', 'reg__n_components': 5}"
2,190,-68.4577993794209,6.112385033965719,False,"{'reg__alpha': 35.11191734215127, 'reg__model': 'pcr', 'reg__n_components': 10}"
2,191,-67.06309446619889,4.599001252921994,False,"{'reg__alpha': 35.11191734215127, 'reg__model': 'pcr', 'reg__n_components': 15}"
2,192,-64.97215599579852,6.943003326814065,False,"{'reg__alpha': 35.11191734215127, 'reg__model': 'pcr', 'reg__n_components': 20}"
2,193,-63.75891344570001,5.353340436976374,False,"{'reg__alpha': 35.11191734215127, 'reg__model': 'pcr', 'reg__n_components': 25}"
2,194,-63.75891344570001,5.353340436976374,False,"{'reg__alpha': 35.11191734215127, 'reg__model': 'pcr', 'reg__n_components': 30}"
2,195,-63.75891344570001,5.353340436976374,False,"{'reg__alpha': 35.11191734215127, 'reg__model': 'pcr', 'reg__n_components': 40}"
2,196,-63.75891344570001,5.353340436976374,False,"{'reg__alpha': 35.11191734215127, 'reg__model': 'pcr', 'reg__n_components': 50}"
2,197,-63.75891344570001,5.353340436976374,False,"{'reg__alpha': 35.11191734215127, 'reg__model': 'pcr', 'reg__n_components': 60}"
2,198,-65.1857860123881,7.802375333029094,True,"{'reg__alpha': 100.0, 'reg__model': 'pls', 'reg__n_components': 5}"
2,199,-65.76121004708445,7.599543883813684,False,"{'reg__alpha': 100.0, 'reg__model': 'pls', 'reg__n_components': 10}"
2,200,-65.77170439255244,7.595081717662591,False,"{'reg__alpha': 100.0, 'reg__model': 'pls', 'reg__n_components': 15}"
2,201,-65.77160375781777,7.59496624529211,False,"{'reg__alpha': 100.0, 'reg__model': 'pls', 'reg__n_components': 20}"
2,202,-65.77160429061686,7.5949656764100695,False,"{'reg__alpha': 100.0, 'reg__model': 'pls', 'reg__n_components': 25}"
2,203,-65.77160429061686,7.5949656764100695,False,"{'reg__alpha': 100.0, 'reg__model': 'pls', 'reg__n_components': 30}"
2,204,-65.77160429061686,7.5949656764100695,False,"{'reg__alpha': 100.0, 'reg__model': 'pls', 'reg__n_components': 40}"
2,205,-65.77160429061686,7.5949656764100695,False,"{'reg__alpha': 100.0, 'reg__model': 'pls', 'reg__n_components': 50}"
2,206,-65.77160429061686,7.5949656764100695,False,"{'reg__alpha': 100.0, 'reg__model': 'pls', 'reg__n_components': 60}"
2,207,-69.40749794848196,5.945511838722659,False,"{'reg__alpha': 100.0, 'reg__model': 'pcr', 'reg__n_components': 5}"
2,208,-67.35631342428007,5.715707719906241,False,"{'reg__alpha': 100.0, 'reg__model': 'pcr', 'reg__n_components': 10}"
2,209,-66.41925135437792,4.954018724602808,False,"{'reg__alpha': 100.0, 'reg__model': 'pcr', 'reg__n_components': 15}"
2,210,-65.29375591259044,6.145519429699039,False,"{'reg__alpha': 100.0, 'reg__model': 'pcr', 'reg__n_components': 20}"
2,211,-64.6496741240217,5.431955202282236,False,"{'reg__alpha': 100.0, 'reg__model': 'pcr', 'reg__n_components': 25}"
2,212,-64.6496741240217,5.431955202282236,False,"{'reg__alpha': 100.0, 'reg__model': 'pcr', 'reg__n_components': 30}"
2,213,-64.6496741240217,5.431955202282236,False,"{'reg__alpha': 100.0, 'reg__model': 'pcr', 'reg__n_components': 40}"
2,214,-64.6496741240217,5.431955202282236,False,"{'reg__alpha': 100.0, 'reg__model': 'pcr', 'reg__n_components': 50}"
2,215,-64.6496741240217,5.431955202282236,False,"{'reg__alpha': 100.0, 'reg__model': 'pcr', 'reg__n_components': 60}"
